Date,ld_MassTransit,ld_LandPassTerm,ld_Transport,ld_OthTransMod,ld_Bus,ld_Rail,ld_TransEmply,ld_unemployment,covid
2005-02-01T00:00:00Z,0.09368548407732291,-0.4795730802618863,-0.012522524998889395,-0.01444955285815297,-0.0315532084697665,-0.021288264856941908,-4.904364983051579e-4,0.018692133012152556,0
2005-03-01T00:00:00Z,0.0706175672139544,0.1694181519580482,0.0371067306294286,0.15097987817008018,0.161302997439023,0.13605157775509014,0.00367242425226344,-0.03774032798284699,0
2005-04-01T00:00:00Z,0.015037877364537877,0.03822121282019708,0.09033052283209742,-0.030759908207713238,-0.06562332233716717,-0.041611241700373114,0.010937039389895986,0,0
2005-05-01T00:00:00Z,0.06849523524876489,0,0.008678555456249626,-0.011183073824934553,0.026905140480376843,0.021178855320236778,0.00386007716934067,-0.019418085857101808,0
2005-06-01T00:00:00Z,-0.09113771199852394,0.036813973122718835,0.07780441993588383,0.034288241598275704,-0.06906817369938523,0.01226006143081193,-0.07861904862995495,-0.01980262729617932,0
2005-07-01T00:00:00Z,0.1118281052559702,-0.06213178110700923,0.0503117081381923,0.023401993955708633,-0.0035620122020105782,-0.05834016678580056,-0.1344621274137019,0,0
2005-08-01T00:00:00Z,0.006802747322755209,-0.15201620729862597,0.09612658327856494,0.05568385044458424,0.04176672887717103,0.03915952210390472,-0.0226015346259949,-0.020202707317519497,0
2005-09-01T00:00:00Z,-0.06657449062267062,-0.030305349495328926,-0.007561472700576388,-0.08248314141269475,0.04697869886976136,-0.004564404316898418,0.21056862713948377,0.020202707317519497,0
2005-10-01T00:00:00Z,-0.0036297680505796848,0.2200618847768041,0.011320875624484472,-0.033944686593414986,0.025293180132358373,0.03972281385022214,0.016407861669319956,0,0
2005-11-01T00:00:00Z,-0.07550755250814589,-0.10398971352404729,-0.07531137069602423,-0.05829363158099099,-0.08017543414545614,-0.02191127074731014,0.019959782501555168,0,0
2005-12-01T00:00:00Z,0.030890487019338053,-0.28312625591592067,-0.16772862094506635,-0.02342409116035782,-0.06173511243080654,-0.08588715281819148,-0.004534072914895049,-0.020202707317519497,0
2006-01-01T00:00:00Z,-0.15605362997334282,-0.07550755250814589,-0.1355840789422622,0.0643254271700151,0.06176122457070932,0.043126387478839234,-0.00816527111018317,-0.04167269640056803,0
2006-02-01T00:00:00Z,0.02197890671877545,0.07550755250814589,0.001824818024626751,-0.05393041541405097,-0.06145070867387403,-0.06657766771555629,0.008404419742197078,0.021053409197832273,0
2006-03-01T00:00:00Z,0.1187487527763409,0.212174519943634,0.09472991701190026,0.14772037933308368,0.1594261085246309,0.1527485169617897,4.781257561798924e-4,-0.021053409197832273,0
2006-04-01T00:00:00Z,0.07079305199109953,0.13720112151348474,0.12457766284360616,-0.06908196896296914,-0.12724354342728006,-0.07814329924401164,0,0,0
2006-05-01T00:00:00Z,0.1406998821031351,-0.05264373348542151,0.0644927660644683,0.100962837486545,0.07180393480772551,0.08779067255912665,0.021282430134334618,-0.021506205220963803,0
2006-06-01T00:00:00Z,0.030771658666754576,0.11477551459243074,0.09798955954230948,-0.008677102450199925,-0.019228507111531457,-0.005240799184054623,-0.05358639267640264,0,0
2006-07-01T00:00:00Z,-0.15718558352241274,0.10294796925244043,0.008674155998161126,-0.010993149604232144,-0.07363179421876609,-0.0680887986691765,-0.15943078449606674,0.021506205220963803,0
2006-08-01T00:00:00Z,-0.02150620522096247,-0.07913732055872202,0.054034752156518095,0.06905721102574702,0.06642551247011141,0.05457856292705188,-0.018998087099573624,0,0
2006-09-01T00:00:00Z,0,-0.15219181534192572,0.010465211791096607,-0.10383026663238937,0.030418059544956577,-6.725100510500681e-4,0.20833991603009494,-0.04348511193973881,0
2006-10-01T00:00:00Z,0.02504603192608812,0.38236939331351394,-0.0011574075366098668,0.023940503973289395,0.05420956228616447,0.01775919834215145,0.010486273401573598,-0.022472855852058604,0
2006-11-01T00:00:00Z,-0.09248731272162303,-0.01886848430438448,-0.07326204258256297,-0.08124368806249649,-0.10232028305865626,-0.008602836015676019,0.011549922149280079,0.022472855852058604,0
2006-12-01T00:00:00Z,-0.19637331024960503,-0.05884050002293151,-0.08514396281483627,-0.026837134678093122,-0.027124605089081655,-0.059431348897437175,-0.0032863879343665303,-0.022472855852058604,0
2007-01-01T00:00:00Z,0.02790878811707742,-0.1643030512912773,-0.1187163068393815,0.051984291043005726,0.017359815369179188,0.022610325472140147,-0.0028255257790412713,0.04445176257083361,0
2007-02-01T00:00:00Z,0.1409578763426964,-0.024097551579060905,-0.0030604461531034133,-0.055637594124227974,-0.05437313204077654,-0.07195089734405613,0.011953734275998329,-0.021978906718775004,0
2007-03-01T00:00:00Z,0.04289156462931132,0.01212136053234758,7.659900795822239e-4,0.13312943346745953,0.13727330400072546,0.15230502836630677,-0.0027998151747468114,-0.022472855852058604,0
2007-04-01T00:00:00Z,0.06286727806027059,0.16612687087397404,0.1796380205850987,-0.034317955086372365,-0.07197712735754891,-0.04845492856917488,0.0016341780221349467,0.022472855852058604,0
2007-05-01T00:00:00Z,0.07589848292751,-0.14231622218025564,0.07752958638632279,0.08337338943238493,0.059853054612258205,0.08000248508944807,0.016884869745101838,-0.022472855852058604,0
2007-06-01T00:00:00Z,0.12183535286133207,0.16251892949777513,0.07963273158306805,-0.02726951269491451,-0.06672716479241458,-0.06505342310491002,-0.06075364390089355,0.04445176257083361,0
2007-07-01T00:00:00Z,-0.14877300859314246,0.1484200051182718,0.12136085700426591,0.0500786091899279,-0.03646868007496451,-0.003947337390524552,-0.13412346926349983,0.021506205220963803,0
2007-08-01T00:00:00Z,0.26262676610963354,0.05859416426605435,-0.00777835715623354,0.05833002303558743,0.07442793711638274,0.025225004313483623,-0.007834399332610431,-0.021506205220963803,0
2007-09-01T00:00:00Z,-0.2126995921531254,0.03200273108617324,0.025537403197997577,-0.12662403576441505,0.007013192187919515,-0.039318295367827716,0.20842908096020807,0.021506205220963803,0
2007-10-01T00:00:00Z,0.11054187439982499,0.33196264611523674,0.05191156183168388,0.07342437662371282,0.07393555700526733,0.11707308576616171,0.010661323620835716,0,0
2007-11-01T00:00:00Z,-0.06609011182899138,-0.4312176042105804,-0.10616380920438573,-0.09588884545327048,-0.07666307600992539,-0.08810684225206344,-0.006791966340712108,0,0
2007-12-01T00:00:00Z,-0.10812485743197442,-0.03540192705091627,-0.14457006753626445,-0.06179799438368505,-0.10562339062602533,-0.056155404374170104,2.2714366934550867e-4,0.06187540371808753,0
2008-01-01T00:00:00Z,-0.10959862641289675,0.188309598638579,-0.11814584087024826,0.0706836993992539,0.0808036579506215,0.0033014869456344798,-0.007523117666117685,0,0
2008-02-01T00:00:00Z,0.022901764286686443,0.00743497848751673,0.02004593474194749,-0.026184415329176147,-0.014756856168364862,0.005172540030358164,0.006614233259083946,-0.020202707317519497,0
2008-03-01T00:00:00Z,0.3229035074151412,0.07145896398214546,0.05177333279984353,0.0678356025422211,0.05235645200426475,0.06365999836993552,0.0020438294840303683,0.04000533461369882,0
2008-04-01T00:00:00Z,0.032260862218222996,0.013698844358163598,0.07549649967005223,0.041660561153516795,0.02737578066095736,0.03663343510680406,0.016425163953392996,-0.01980262729617932,0
2008-05-01T00:00:00Z,-0.032260862218222996,0.2565914853817475,0.05056021853776471,0.016006240063557442,0.005394086090564798,0.008626319080782707,0.002229158301595646,0.07696104113612812,0
2008-06-01T00:00:00Z,0.02429269256904476,0.041242958534049023,0.10181726827229198,-0.011056562506841061,-0.04488592332670294,-0.02922808852737191,-0.039283062012986036,0.03636764417087468,0
2008-07-01T00:00:00Z,0.09166718852582534,0.020000666706671666,0.03050760902388916,0.08419837011215137,0.023932702146240104,0.03831362866468169,-0.14424162305924426,0.03509131981127034,0
2008-08-01T00:00:00Z,-0.10239115188879921,-0.02506396866321836,0.040934664229123285,-0.0332878034857238,-0.012427037441160138,-0.03460752588378213,-0.007518832414026733,0.050430853626891814,0
2008-09-01T00:00:00Z,0.06268370229368614,-0.05209511188339988,-9.017133162849689e-4,-0.024731851443100084,0.06178946549232478,-0.02016783531494326,0.16738577337635263,0,0
2008-10-01T00:00:00Z,0.09875647844791402,0.06720874969344948,0.04885459923501756,0.055796512715993174,0.052152924064358785,0.07884060437283225,0.015609410927075018,0.06351340572232589,0
2008-11-01T00:00:00Z,-0.1887642850161555,-0.17435338714477666,-0.11408498497521435,-0.17637443563111788,-0.15473345107490744,-0.10653280231687745,-0.001572503974490047,0.04512043528046972,0
2008-12-01T00:00:00Z,0.07726878079081345,-0.12001767345780223,-0.13428826471487554,0.0069802472591540266,-0.02840918534040071,0.033978686189669816,0,0.07095173597228444,0
2009-01-01T00:00:00Z,-0.3313571359544447,0.2324956568844918,-0.11051326905348091,0.041783128788416946,0.003454794642859582,-0.07731154909928506,-0.011759520406906532,0.06624938554120074,0
2009-02-01T00:00:00Z,0.6093772974944862,-0.19301684591070156,0.0904903531783745,-0.008996544902441173,-0.006886176510548125,-0.040687945024259875,0.005897045893879849,0.06213178110700612,0
2009-03-01T00:00:00Z,-0.4211210051807157,0.17693070815907674,-0.03487063790328193,0.10462069284070807,0.09088235995473681,0.12638405153093402,0.0013559324111351856,0.04706751085798544,0
2009-04-01T00:00:00Z,0.15330501381491501,0.10752034371125774,0.09642014582647462,0.01651923237968944,-0.02891536009589757,-0.003955121682302831,-0.004980766466239572,0.03390155167568132,0
2009-05-01T00:00:00Z,0.07102126974834277,-0.014670189747796769,0.05897632960229515,-0.04210996649264942,-0.023984613002184574,-0.01855950440180365,0.019330788496045415,0.04348511193973925,0
2009-06-01T00:00:00Z,-0.04348511193973792,0.06669137449867435,0.07942958686953716,0.047352028413492064,-0.03019754237491057,0.016929527070530526,-0.02867984758463038,0.010582109330536937,0
2009-07-01T00:00:00Z,0.19255706068798162,0.3884236422533114,0.12237230484002382,0.04497186850514012,7.905589419578973e-4,-0.011559888851984113,-0.17043373489468117,0,0
2009-08-01T00:00:00Z,-0.056559575568265075,-0.3701582942760204,0.048072810977952685,-0.027623733893435087,-0.006447548017018079,-0.016947241440373517,-0.020030852196507354,0.010471299867295336,0
2009-09-01T00:00:00Z,0.008583743691392698,0.15091338337746762,0.005415873973031893,-0.037991312206862915,0.06644253169146097,0.0171179886046815,0.18472074591193532,0.02061928720273576,0
2009-10-01T00:00:00Z,0.10728174583571715,0.18102369807835572,-0.04578542366767735,0.0117753979300943,0.04002114436367066,0.04995909388499342,0.016453753278943495,0.020202707317519497,0
2009-11-01T00:00:00Z,-0.04514996472871147,-0.08465288533033544,-0.09704836161915864,-0.10650246468301461,-0.10566228686544576,-0.1332459455865127,0.005424968096864546,-0.010050335853501569,0
2009-12-01T00:00:00Z,-0.1514768814428571,-0.13201815147825613,-0.16196932794505514,0.020898333570766425,-0.0383024137382435,0.053198596943119014,-0.006558883628271062,0,0
2010-01-01T00:00:00Z,-0.10328582611696646,-0.1953087523207664,-0.1276431037073813,-0.02413811983234382,-0.005958482589118574,-0.03907002600880105,-0.007973615545557422,-0.010152371464017929,0
2010-02-01T00:00:00Z,0.2032580190271034,0.14146552029994197,0.04476190420466608,-0.042794552956770815,-0.027310103710540545,-0.09245567204650129,-0.0032073337918632205,0,0
2010-03-01T00:00:00Z,0.11566663275000622,0.057867382320548444,0.14329032729827418,0.185449700849599,0.16117700216519637,0.21040775855293248,0.015934778323961396,0.010152371464017929,0
2010-04-01T00:00:00Z,0.10196492665668799,0.035506688456909075,0.11262470780521028,-0.02026924410729336,-0.04274200873578948,-0.009950780115293156,0.0013540963477289836,0,0
2010-05-01T00:00:00Z,-0.06499213874571197,0.06744128079553491,0.02606576762934054,-0.027426872059269414,-0.03288083677890086,-0.004831655245460809,0.00517378277029934,-0.030771658666753687,0
2010-06-01T00:00:00Z,0.05129329438754837,0.08670939903172581,0.02999168826608667,0.04333865412126059,-0.015981733886160754,-0.011736299056220645,-0.03562834016281968,-0.021053409197832273,0
2010-07-01T00:00:00Z,-0.1706656140655909,0.003316752625991626,0.0024937668784019706,0.003982397622497302,-0.039058151586790046,-0.0197541559310892,-0.1131148044378314,0,0
2010-08-01T00:00:00Z,0.05761275278461042,0.06722530584778852,-0.004159739775175808,0.04301387833300652,0.03667805264958446,0.025231589264731014,-0.0357796215006001,0.010582109330536937,0
2010-09-01T00:00:00Z,0.3793880111779657,0.030490166757786596,0.12521218179277582,-0.06237346021517354,0.053106796441536375,-0.005401261845960903,0.20649191772176856,0,0
2010-10-01T00:00:00Z,-0.33594397459096825,-0.049240716103163606,-0.137374210503296,-0.006004581979606627,0.025095554686092925,0.03230010375369474,0.0171911534328828,-0.010582109330536937,0
2010-11-01T00:00:00Z,-0.05119601339131563,-0.022329476398088133,-0.10958885176734512,-0.06809142683243863,-0.06055470774465732,-0.05829286357439045,6.470398155205004e-4,0.04167269640056803,0
2010-12-01T00:00:00Z,0.009680617710721151,-0.12344419109112081,-0.0621559254904227,-0.0075628248265395825,-0.07453607931282491,0.018102961906873105,-0.004971370878523729,-0.05236798551731603,0
2011-01-01T00:00:00Z,-0.20453170411960997,-0.11186989584334484,-0.167008540063609,-0.0258101980717953,0.014102481102192144,-0.06750152974999324,-0.01748678438771556,-0.021739986636406083,0
2011-02-01T00:00:00Z,0.04619759099885812,-0.05884050002293151,0,-0.03264124528626411,-0.012157106033161114,-0.02152652036957292,-8.824178820994177e-4,-0.011049836186585171,0
2011-03-01T00:00:00Z,0.18495165412070946,0.12973632165596882,0.09697733983445289,0.18906590192343486,0.15100409327483533,0.15466961456158757,0.0011029007404506075,0,0
2011-04-01T00:00:00Z,-0.12366333014942654,0.10801857683930294,0.06852706357054217,-0.03537402215676266,-0.058233697525295725,-0.060146205375875894,0.015097103281819457,0.011049836186585171,0
2011-05-01T00:00:00Z,0.06174800706844508,0.06283057879241483,0.009488211006836167,0.01857836149163461,8.528258462412452e-4,0.05916119844370016,0.007140569126068641,-0.011049836186585171,0
2011-06-01T00:00:00Z,-0.026290695231715233,-0.0765764996970475,0.06726839006204344,0.03063921652895729,-0.025684601411349206,-0.021318692619828994,-0.03488343160817564,0.011049836186585171,0
2011-07-01T00:00:00Z,-0.07442328037011237,-0.05329858172436275,-0.08279587458312321,-0.015669099706833833,-0.05973428448144347,-0.02792653543254886,-0.14485414441985256,-0.011049836186585171,0
2011-08-01T00:00:00Z,0.24541035208995865,0.06362569588021216,0.1102953159436737,0.05235680497834849,0.06809998632637715,-0.031323172579199365,-0.002325282019171482,0,0
2011-09-01T00:00:00Z,-0.16689708646832102,-0.03839913293453634,-0.055776537457411735,-0.0655815184558719,0.0557436569549381,0.06483110617562815,0.17492228892113104,0,0
2011-10-01T00:00:00Z,-0.01646127705407352,-0.04736768882289155,-0.03750135080402828,-0.015564689943264653,0.020890376862571003,0.045048474354317136,0.01273077934092015,-0.02247285585205816,0
2011-11-01T00:00:00Z,-0.01884872555866579,-0.12715517548524602,-0.07950521773853225,-0.05839723892315263,-0.06390491404118848,-0.06487058225863152,-0.005159082810026305,-0.02298951822469908,0
2011-12-01T00:00:00Z,0.07727420171177002,0.012631746905903185,-0.04169556242851158,-0.008128948417169823,-0.04492498985759852,-0.009634973769216515,0.0030126986419354296,-0.011696039763191113,0
2012-01-01T00:00:00Z,-0.18899741115742685,-0.012631746905903185,-0.10878998121702566,-0.01634559510984701,0.014531851323361877,-0.018462744008139964,-0.0012900453304904858,-0.023810648693718406,0
2012-02-01T00:00:00Z,0.23676198202452525,-0.07476007520910954,0.043989987990109114,0.02356544066135058,0.025663044001891677,0.013238973116248332,-2.151694467684706e-4,0,0
2012-03-01T00:00:00Z,-0.03996726040706733,0.06196672374920098,0.00833338155914376,0.07573390374077249,0.06048905757518952,0.06275203345245828,-0.003017243668329783,-0.012121360532344916,0
2012-04-01T00:00:00Z,0.028710105882431947,-0.06196672374920098,0.06871620804626133,-0.012874044895109904,-0.0544662407298766,-0.047299652340296205,-0.03805584040253862,0,0
2012-05-01T00:00:00Z,0.11062962833783985,0.0490075791066964,0.12030092319044172,0.050046396050408504,0.024527025024308813,0.04604953840077286,0.047080396708677696,0,0
2012-06-01T00:00:00Z,0.1517346361296532,0.08338160893904956,0.12354548704633217,-0.0313702578095274,-0.07481930252225766,-0.0375819215507569,-0.07527689860330611,0,0
2012-07-01T00:00:00Z,-0.05826890812397778,-0.004008021397538641,-0.024139859922271967,0.03478275334245495,-0.016775994879601797,0.008868582361884592,-0.12906064224562108,0,0
2012-08-01T00:00:00Z,-0.010827638652063598,0.04706751085798544,0.040484309790173256,0.051635583681328256,0.07673588425704736,0.025892393950606163,0.004450851698985403,-0.012270092591814219,0
2012-09-01T00:00:00Z,-0.06091626620677815,0.01897590145900807,0.007649846060402865,-0.12942813055623859,-5.152455221342223e-4,-0.03311587838634367,0.1884850382614811,-0.03774032798284699,0
2012-10-01T00:00:00Z,0.0546759963466954,0.007490671729154741,0.058780016761659226,0.05978788071303498,0.08191813693388994,0.020330881980875404,0.014605070605998804,0,0
2012-11-01T00:00:00Z,-0.036657490844017815,0.04736768882289155,-0.11853181891862619,-0.07030767907367519,-0.08656962076172192,-0.05104506897435712,-0.005773564632004735,-0.012903404835908017,0
2012-12-01T00:00:00Z,-0.03300629646816944,-0.06240556618742943,-0.10811086118452451,-0.06239098655916209,-0.08592211774332625,-7.525859535988388e-4,0.003852744491750215,0.025642430613337375,0
2013-01-01T00:00:00Z,-0.008424649659250605,-0.12062798778861605,-0.10219411021249769,0.05791953693255891,0.06465227799417761,0.02660106852670907,-0.0019245167920072248,0.01257878220686015,0
2013-02-01T00:00:00Z,-0.05031416751240769,-0.19263092645281432,0.0033222621919755113,-0.08018438023365704,-0.03803646134111105,-0.08842924649102812,-0.009894681716678733,-0.038221212820197525,0
2013-03-01T00:00:00Z,0.1315276070269782,0.055429804939329586,0.05903001061240687,0.1078495900163503,0.06404605093190696,0.11917053225091223,0.010536598931402352,-0.026317308317373556,0
2013-04-01T00:00:00Z,0.13820066180820945,0.2348395910773995,0.14344818647153446,0.03535868096301442,0.029910781548082355,0.011481614231595216,0.007458745287676649,0.013245226750020489,0
2013-05-01T00:00:00Z,-0.1927013276693792,0.08183001824763281,-0.015927526696099648,0.02561310847297804,-0.012256103798961249,0.014959346791641792,0.0036028437827724247,-0.013245226750020489,0
2013-06-01T00:00:00Z,-0.07170305991305881,-0.13353139262452274,0.027597318017793526,-0.03790824380516611,-0.10236565752037663,-0.028930982278286166,-0.04721535237215235,0,0
2013-07-01T00:00:00Z,0.012313260233359102,-0.13528219552287624,0.029459153827062323,0.07201274856014805,0.031174354343438182,0.005227837896079279,-0.1837863682949692,-0.027028672387919173,0
2013-08-01T00:00:00Z,0.052778205347387086,0.18698356989976617,0.021432453469326873,0.012903847504109223,0.035540309334162856,0.010255286593281454,0.005846415802380989,-0.01379332213233564,0
2013-09-01T00:00:00Z,-0.03201621389895948,0.06744128079553491,0.02471329960616586,-0.091693207817236555,0.031300513428472954,9.428786873790784e-4,0.228323540696854,0,0
2013-10-01T00:00:00Z,0.03367321510658883,0.09991091089026227,0.018446926040915912,0.05427024886134646,0.08148045599081755,0.07623806995562887,0.015692340004870076,0,0
2013-11-01T00:00:00Z,-0.05618498827880458,-0.2692733230417126,-0.12855366630780907,-0.1349912147402108,-0.1350056119140497,-0.1077369893809923,4.151100101132954e-4,-0.04255961441879608,0
2013-12-01T00:00:00Z,-0.033841163378916406,0.058349883062277286,-0.08127518356518237,-0.015505002437762982,-0.048459891044643655,-0.01115196427933185,0.005587184736137729,-0.02941388520629351,0
2014-01-01T00:00:00Z,0.014388737452101452,-0.19126834278376137,-0.071644537497626,0.005727482409547235,0.01159412580553365,-0.027483834879518554,-0.013922302798313524,-0.015037877364540542,0
2014-02-01T00:00:00Z,-0.056948351870897085,0.2540340383335469,0.009641210192388172,-0.05687891525143485,-0.023421919560131954,-0.0235617839759783,0.00438459831782545,0.015037877364540542,0
2014-03-01T00:00:00Z,0.1040363879697992,-0.0038095284166672627,0.0744505878374504,0.13277931009396937,0.10400697981787488,0.13450720250161652,0.007885494273988769,0,0
2014-04-01T00:00:00Z,-0.11735723194545855,0.20620704178331195,0.040723028712861264,0.04956096688748701,0.010365077958969238,0.005105017127178257,-0.0031052711009991185,-0.0775582343458745,0
2014-05-01T00:00:00Z,0.2436220826577511,-0.05423976893699489,0.13572613206468986,0.001208327823746913,-0.009754981913186356,0.017433125425309726,0.0047574813074984235,0.01600034134644135,0
2014-06-01T00:00:00Z,-0.13998719296739637,0.12901300333944477,0.049757482699913425,-7.478894220689369e-4,-0.07257814872694013,-0.042055664831348594,-0.05057673644055427,-0.032260862218221664,0
2014-07-01T00:00:00Z,0.06194448596052382,-0.050232125486331825,-0.00951632875525732,0.0783500183782948,0.016232551784476357,0.007692491054239525,-0.1105108661671359,0.016260520871780315,0
2014-08-01T00:00:00Z,0.04600335326225391,-0.07550755250814589,0.033303763474162196,-0.026553574836228222,0.007845541901311037,-0.0039357168735172365,0.012527265728394354,-0.016260520871780315,0
2014-09-01T00:00:00Z,-0.023530497410192197,0.1680591098733899,0.0065296947963311425,-0.04545130274876996,0.07927481514538925,0.022160395286498158,0.15943781714140037,-0.03333642026759165,0
2014-10-01T00:00:00Z,0.03125254350410245,-0.0480997947944104,0.02607364783963817,0.04401046182117696,0.06027889848892087,0.05797223890073866,0.01499217707616296,-0.03448617607116944,0
2014-11-01T00:00:00Z,-0.04725288485054335,-0.06280090123902937,-0.10324910706122026,-0.18335485139237306,-0.17147373738558613,-0.1506366967389745,0.0032122091462980507,0.017391742711869274,0
2014-12-01T00:00:00Z,-0.10536051565782856,-0.09038406146827072,-0.12400583109465302,0.06271457331779473,0.012315320237476612,0.04118520770647649,-6.015037775330967e-4,-0.03509131981127034,0
2015-01-01T00:00:00Z,0.0230302472747006,-0.03787027405540755,-0.0667882408715883,-0.04907754916413154,-0.028605468324222727,-0.08841516218444667,-0.005833266062928999,0.017699577099401065,0
2015-02-01T00:00:00Z,-0.03565440050309476,-0.014134510934905364,-0.01716347029408638,-0.04660903672976957,-0.038160472669922285,-0.060391224149519473,-0.007085767069574089,-0.03571808260207909,0
2015-03-01T00:00:00Z,0.07345958984480916,0.26154268424874516,0.12162267899590162,0.1526397780800579,0.1296272477669902,0.18229516771750554,0.007287481644135951,-0.018349138668196652,0
2015-04-01T00:00:00Z,0.11007115693928426,0.11869586091374273,0.10070587634817585,0.03258394334360304,-0.009397018141871882,-0.00505298116153341,0.0016122534729756666,0,0
2015-05-01T00:00:00Z,0.007524489978614213,-0.08105700941380789,0.03603272116362888,-0.013541130483211816,-0.03876881645561525,-0.03113547020210916,0.010217458416141412,0.03636764417087468,0
2015-06-01T00:00:00Z,0.18057089985065033,0.043878006172054285,0.07461343395999975,0.0570987139536534,-0.023979236276169047,0.037941405304071196,-0.048600825906095935,-0.055059777183027236,0
2015-07-01T00:00:00Z,-0.06729576063345633,0.03960913809504518,-0.02251432983750945,0.05448661708673441,-1.938106946646201e-4,0.024888769176357073,-0.11168116269906392,-0.019048194970694432,0
2015-08-01T00:00:00Z,-0.043782642438809916,0.042761859338082076,0.03232011024231696,-0.027791960647224556,-0.003140470830317099,-0.11634559577844428,-7.021650376266564e-4,-0.019418085857101808,0
2015-09-01T00:00:00Z,-0.06649848256578039,0.027524673390090015,0.0028870463936101487,-0.056118111757239575,0.06810565885986009,0.07144802372222969,0.15338107580071636,-0.01980262729617932,0
2015-10-01T00:00:00Z,0.014837067430470086,-0.09237332013101351,-0.01598290470683139,0.010263931364452361,0.0462283468746989,0.0800653041587438,0.011383048522054295,0,0
2015-11-01T00:00:00Z,-0.06857217312147057,-0.08813991790615816,-0.13504951881584404,-0.12842643005269494,-0.12004229673937772,-0.11696710910658936,-0.004976620204512727,0.01980262729617932,0
2015-12-01T00:00:00Z,-0.1330808406907913,0.11506932978478801,-0.1219829578317082,0.034391028732130735,-0.010640644632399443,0.015406842737689885,0.003585661212239799,-0.01980262729617932,0
2016-01-01T00:00:00Z,-0.07674484829126982,-0.1736634940508388,-0.12544727422456248,-0.07225816798246854,-0.050859770304480634,-0.08814729881697403,-0.013613823870915809,-0.040821994520255256,0
2016-02-01T00:00:00Z,0.04377482905369945,-0.011560822401076365,0.0456412809562039,0.028776233936461892,0.05294572686226218,0.039401020187369795,0.0014100113122665903,0.02061928720273576,0
2016-03-01T00:00:00Z,0.13887092939652135,0.07015498666712716,0.10274170494909285,0.1223400829352066,0.07341889492974474,0.10148253068630453,0.013793322132334751,0.020202707317519497,0
2016-04-01T00:00:00Z,-0.09336717401169636,0.02937460867990538,0.009212409694743684,-0.022337092086271326,-0.04280175048009127,-0.04142701912570246,0.005938259730259077,0.01980262729617932,0
2016-05-01T00:00:00Z,0.12996632646002837,0.03617965657750233,0.06780004664487294,0.030153303305972656,-0.016802699025220136,0.03714506769869175,0.007863221171735546,-0.060624621816434576,0
2016-06-01T00:00:00Z,0.021639175103480568,0.022585652648750454,0.06750647743326965,0.038721871859777934,-0.03632239804786508,0.003520989946132147,-0.0607470103512302,0.02061928720273576,0
2016-07-01T00:00:00Z,0.004576667027411219,-0.09085362377775397,0.016286357994559353,-0.009708979126333617,-0.05924212378632987,-0.08678560325186169,-0.10406667508178735,-0.02061928720273576,0
2016-08-01T00:00:00Z,-0.15085828733817053,0.08836915045009164,-0.03040234152993193,0.06609099292640153,0.08659714202551072,0.04888955917062532,0.017395723627359416,0.02061928720273576,0
2016-09-01T00:00:00Z,0.10571443532175806,-0.03544674899574929,0.07018360555273162,-0.09355741989249466,0.041854867111112526,0.010071365454184189,0.1224364882312976,0.020202707317519497,0
2016-10-01T00:00:00Z,-0.062417629568432886,0.005141399500420363,-0.007220247973485527,-0.030831890224483516,-6.878251761577303e-5,0.012821735398773626,0.013757569196121366,-0.020202707317519497,0
2016-11-01T00:00:00Z,-0.025752496102413147,-0.06899287148695166,-0.10442866756633862,-0.0628367492124724,-0.06778171895889784,-0.04679031016608448,0.003360683206503623,-0.04167269640056803,0
2016-12-01T00:00:00Z,-0.08716949225598825,-0.05071509257901852,-0.04902304479799113,-0.033388925324320695,-0.05884809256195567,-0.02230665606641935,-0.005342844410494152,0,0
2017-01-01T00:00:00Z,-0.05259245011917102,-0.1800120869452897,-0.18347829492178036,-0.016402721268661935,0.006596407966423357,-0.017597643910637117,-0.0047732787526584275,0,0
2017-02-01T00:00:00Z,0.23744085601503429,0,0.07261876860225414,-0.03467554010514462,-0.015499562075191875,-0.04807693738216301,0.007151401157624804,-0.021506205220963803,0
2017-03-01T00:00:00Z,0.06857217312147057,0.16545578917108372,0.09336636887200811,0.14392585609660102,0.10738583232143029,0.15782426472316757,0.005920680409728263,-0.04445176257083361,0
2017-04-01T00:00:00Z,-0.06857217312147057,0.054221554166637986,0.08080816472354257,-0.026800719655103222,-0.06871081525228817,-0.05505295405768251,-0.009092768715872168,0,0
2017-05-01T00:00:00Z,0.04773808621862585,0.011049836186586504,0.06032996974928295,0.08409414438739304,0.043954569744414584,0.05284562105488888,0.024711985114322488,0,0
2017-06-01T00:00:00Z,-0.07979211250870932,0.04564550748995799,0.043819462258397834,0.022872749214446486,-0.06033200528646887,-0.023339446061182656,-0.05168081619050291,-0.02298951822469908,0
2017-07-01T00:00:00Z,0.012945164592036207,-0.2126995921531254,-0.07697608449862159,0.016469370110801407,-0.05536370687689285,-0.07610489262649622,-0.12407574309152203,0,0
2017-08-01T00:00:00Z,0.10953186776762536,-0.06021885999305354,0.0606724058326904,0.0557653536743814,0.08276958981748805,0.035491789988711275,-0.011380914851589097,0.02298951822469908,0
2017-09-01T00:00:00Z,-0.057836724871553,0.04385188252884831,0.037145519790946935,-0.12600741918855007,0.012937819767042669,0.012793349902146645,0.18247727152488302,-0.02298951822469908,0
2017-10-01T00:00:00Z,0.07922029089687399,-0.023373351185309588,0.02005536681334874,0.03946153104390859,0.06707189342732889,0.08672201398839974,0.004853907209820818,-0.023530497410193973,0
2017-11-01T00:00:00Z,-0.0884228098280353,-0.17693070815907674,-0.05262421957688446,-0.09571473704468758,-0.08430698454491292,-0.10166974791034988,-0.00934040649392287,0,0
2017-12-01T00:00:00Z,0.03482562381906007,0.09969936022308801,-0.08992137696457192,-0.06542518889294158,-0.08856610297680234,-0.06024401266552459,-0.001761080584298469,-0.024097551579060905,0
2018-01-01T00:00:00Z,-0.12169693497752121,-0.1620896528223703,-0.0969768468567942,0.007032652042880727,0.033374220649456277,0.008306443997714297,-0.01638895405138463,-0.02469261259037081,0
2018-02-01T00:00:00Z,0.04437868719355009,-0.03939240171066061,0.04922694076514844,-0.03461889635189408,-0.01403855609328275,-0.044286746924814935,0.009116194722304627,0.02469261259037081,0
2018-03-01T00:00:00Z,0.050167258718019525,0.017699577099399733,0.06303630166763696,0.11076940571386729,0.07603864346629763,0.11385743671621285,-3.946329964392703e-4,-0.02469261259037081,0
2018-04-01T00:00:00Z,0.07650788603604397,0.1389988748066564,0.06776210210081857,0.01546862018364692,-0.0036271035039625588,-0.02662298216961645,-7.897335060000898e-4,0,0
2018-05-01T00:00:00Z,-0.07498000185799114,-0.015384918839480122,0.0641792612091514,0.08330966643621096,0.019843263631909025,0.047894996162064274,0.0041391603394362875,-0.05129329438755059,0
2018-06-01T00:00:00Z,-0.03416481349107414,0.12379421734666707,0.06772245171806546,-0.0034455594030937675,-0.07023324967905609,-0.018805577717362354,-0.03482441152077875,0.05129329438755059,0
2018-07-01T00:00:00Z,0.05381775139246869,-0.08204242266644357,0.05710244630110495,0.05325869325803012,-0.029514791687031305,-0.03874936707757115,-0.12593737334658606,-0.05129329438755059,0
2018-08-01T00:00:00Z,-0.002998502996256036,0.09226397673798203,-0.015018655836428252,0.030613272336793784,0.08018500313795585,0.010762313318146255,0.002998502996256036,0,0
2018-09-01T00:00:00Z,-0.03203935374461864,-0.04506828540170815,-0.0414124242091809,-0.14221162909937135,-0.01910567541677466,-0.015993347664707613,0.1597283051011651,-0.02666824708216131,0
2018-10-01T00:00:00Z,0.004640379556501983,0.09788584124111921,0.013002350207386826,0.07609334936924483,0.12692882049653775,0.12280105655349516,0.008016466823256962,0.02666824708216131,0
2018-11-01T00:00:00Z,0.11228095850239939,-0.15629660339753215,-0.07745138988993006,-0.13322831080164477,-0.13542214189001456,-0.12164802038575928,-0.0017542154386429587,0,0
2018-12-01T00:00:00Z,-0.17599677288850657,-0.12391079463754195,-0.11961900778171852,-0.051913489615731834,-0.06772296908570397,-0.06072742672973064,-0.0011711888904617496,0.02597548640326064,0
2019-01-01T00:00:00Z,-0.023295562603522058,-0.12204743444284105,-0.024087712884458767,0.025847741615379505,0.030853109995739203,-0.0041308111677125225,-0.015946789352955903,0.025317807984289953,0
2019-02-01T00:00:00Z,0.2788043984197621,-0.13904104843549092,0.030521189034889318,-0.08722759770413901,-0.03653637017412237,-0.0500168202122282,0.011444481659443895,-0.05129329438755059,0
2019-03-01T00:00:00Z,0.003814372075471084,0.2395822776573695,0.07413660042987047,0.16194488023997522,0.09531143791044627,0.14135904025595636,0.004111606379691324,0,0
2019-04-01T00:00:00Z,0.010101095986506436,-0.03090753746307584,0.093040800199784,0.05197854375459343,0.018352241946590908,0.030076815666522094,0.006427132845852057,-0.02666824708216131,0
2019-05-01T00:00:00Z,0.10598845916354449,0.05666003356548899,0.10209986471513588,0.044357952484116225,0.005440358252002397,0.013404272030939524,-5.825808495689699e-4,-0.027398974188114877,0
2019-06-01T00:00:00Z,0.10094399752258099,-0.12629372532429173,0.03726392684408353,-0.030576840970397257,-0.09903463366047305,-0.05453035091607106,-0.044080990035533674,0,0
2019-07-01T00:00:00Z,-0.010267030639742103,-0.08526465165468622,0.032504312471303365,0.06969082521150938,0.020079974506572285,0.031636330092485565,-0.1501999073278455,0.027398974188114877,0
2019-08-01T00:00:00Z,0.01128795977384911,-0.07612369547280196,0.040022131596959554,0.010477592255053736,0.03904328674571289,-0.0035023749689671035,-0.0030714731766359193,-0.027398974188114877,0
2019-09-01T00:00:00Z,-0.06644509940815269,-0.08239953176706649,-0.04948999747300675,-0.11593355668720307,0.030555424922095398,0.0017857291338572168,0.1787262071159077,-0.028170876966695957,0
2019-10-01T00:00:00Z,-0.012068166213484943,-0.13792314320550147,-0.01744737483184622,0.0398175666042313,0.07387300515359385,0.08826387599980023,0.007688554385387292,0.028170876966695957,0
2019-11-01T00:00:00Z,0.0022050725583149244,-0.13554549199622556,-0.024347996119427506,-0.15594442373073036,-0.13654313319676348,-0.10263240476218627,-7.858546573373815e-4,0,0
2019-12-01T00:00:00Z,-0.016657797724796808,-0.2353140869344621,-0.09054248310168234,-0.005474907149011443,-0.05360437780806748,-0.007815113972821308,3.930045246089975e-4,0,0
2020-01-01T00:00:00Z,-0.06356848039441587,0.07847161544149373,-0.05408550230461984,0.038906833083920844,0.06425851984418429,0.01134724354918859,-0.011857846450782361,0,0
2020-02-01T00:00:00Z,0.02823717018161176,-0.028710105882431947,0.023683962697052863,-0.04602849226277428,-0.029262598821148345,-0.03716199628114225,0.0031758661072167627,-0.028170876966695957,0
2020-03-01T00:00:00Z,-0.018735911057468968,0.028710105882431947,0.048337777823782346,-0.3981375157026399,-0.33558405595884366,-0.5800050982812266,-0.013366782558819068,0.2288415724288475,1
2020-04-01T00:00:00Z,-0.0011827322490489678,-0.0990909026442317,0.032122335678625547,-0.9226790671572864,-0.853054698287103,-1.6302862241555793,-0.4427034532482832,1.213022639845854,1
2020-05-01T00:00:00Z,0.161394036687998,-0.010471299867294448,0.10817345703443948,0.2419795702260643,0.1685159742148059,0.16113209770778525,-0.008794026522574327,-0.11441035117774434,1
2020-06-01T00:00:00Z,-0.004036332422462152,0.010471299867294448,0.05332774035215948,0.26559614191152825,0.20314159573465318,0.3920689104001127,-0.07260461356209902,-0.18232155679395445,1
2020-07-01T00:00:00Z,-0.07014910806611852,-0.05348868495098458,-0.007753013036701617,0.178764100510735,0.12787473528688764,0.28656375817910984,-0.12484659423677691,-0.07550755250814545,1
2020-08-01T00:00:00Z,0.17833676615626715,0.09431067947124205,0.09149674015804266,0.03293696677801705,0.020398392675510024,0.07635770057281377,0.02617255403751173,-0.19415601444095731,1
2020-09-01T00:00:00Z,0.00993236156268651,0.11332868530699969,-0.06710528703388263,-0.007304228615685915,-0.02511141266882788,0.1475436008588531,0.2680217038495307,-0.07410797215372167,1
2020-10-01T00:00:00Z,-0.08431958532391803,0,-0.02654083600430468,0.016934562274210307,0.03817803753393889,0.09839754961082647,0.08872811560868499,-0.12260232209233246,1
2020-11-01T00:00:00Z,-0.03988564580446052,-0.10337835445383448,-0.08383777864208852,-0.15666442789655477,-0.10840376999198398,-0.15048322591089658,-0.005254872838358793,-0.02941388520629351,1
2020-12-01T00:00:00Z,-0.06841172952667662,-0.03015303817068471,-0.06588484966943753,-0.019161306053240068,-0.010178866243361284,0.0030631933292113445,-0.03049179793679535,0,1
2021-01-01T00:00:00Z,-0.02425697764556034,-0.031090587070032427,-0.08811959925897028,-0.030246692953145526,-0.048182408016142375,-0.042503607637591756,-0.036508479323561716,-0.04580953603129423,1
2021-02-01T00:00:00Z,0.03616832583890783,-0.08796877294595618,-0.012704033519462143,-0.04917735827131686,-0.05893317127945252,-0.0674000771496921,0.03840781512721492,-0.03174869831458027,1
2021-03-01T00:00:00Z,0.06157395893403006,0.0666913744986708,0.10331973391842553,0.2700365544048928,0.2284817927137155,0.25867778818964027,0.032798567177415805,-0.016260520871780315,1
2021-04-01T00:00:00Z,-0.05299941550944709,0.010695289116746665,0.03581101864301672,0.052110322762302985,0.004070366775934531,0.020014993914735157,0.009919162507737056,0,1
2021-05-01T00:00:00Z,0.09365945359562744,0.03141619623337988,0.04007607598328278,0.06680975983323378,0.013433878713733804,0.12350493019403075,0.015208438511125522,-0.050430853626891814,1
2021-06-01T00:00:00Z,-0.04066003808618035,-0.010362787035546717,0.02425571903746615,0.10666137593927516,0.0365851639952659,0.15806422013116261,-0.05738416276295588,0.017094433359300165,1
2021-07-01T00:00:00Z,0.08532304297386162,-0.04255961441879563,0.013441815381526112,0.10812045009534543,0.04010803619437553,0.03041848441967332,-0.11470595408665929,-0.08855339734144518,1
2021-08-01T00:00:00Z,-0.048557849149222676,0,0.020647670893467307,-0.01644453703050175,0.04292834438727411,-0.01988778041096495,-0.01407611980515,-0.057158413839948796,1
2021-09-01T00:00:00Z,-0.13227782327030724,-0.0909717782057271,-0.08735822930834303,-0.07262297648688687,0.0890410403599553,0.0803632688688154,0.1960937714151818,-0.08167803101426685,1
2021-10-01T00:00:00Z,0.043579880704022855,0.0909717782057271,-0.004171638946065315,-0.011492086879382413,0.03894214651137062,0.12650989487140762,0.03704587699349915,-0.04348511193973881,1
2021-11-01T00:00:00Z,-0.036920588614048455,0.1226023220923338,-0.06094193103693257,-0.06370679105821964,-0.05903035975019577,-0.0744263327161363,-2.4411082752706648e-4,-0.06899287148695166,1
2021-12-01T00:00:00Z,-0.11226730187107847,-0.1226023220923338,-0.13357673073347698,-0.031414426712274235,-0.054998263111055934,-0.026652738186328406,0.003168802164065454,-0.07410797215372167,1
2022-01-01T00:00:00Z,-0.02760526609188929,0.33024168687057553,-0.032814003988281826,-0.15019525658319566,-0.10704964475181455,-0.17704934275308304,-0.016934997928213846,0.025317807984289953,1
2022-02-01T00:00:00Z,0,0.28376817313064606,0.030998792017719268,0.0738393485286899,0.05636392205038021,0.1208532867767822,0.02854896829744291,-0.05129329438755059,1
2022-03-01T00:00:00Z,0.10955019994297643,-0.023810648693718406,0.059255696209092434,0.22088653327400465,0.1812668619706841,0.18811059838882827,7.214140026707838e-4,-0.02666824708216131,1
2022-04-01T00:00:00Z,0.06830848683608082,-0.006042314455964259,0.058850284710874945,0.02617853673613979,-0.030634815314353858,0.006488406624523435,0.007424294669762688,0,1
2022-05-01T00:00:00Z,-0.008556201931195773,0.06453852113757108,0.05221311662011985,0.0476981872415152,0.022279075096374612,0.017780655827991154,0.00973532561306456,-0.027398974188114877,1
2022-06-01T00:00:00Z,0.10975471382215929,-0.02882043853549021,0.06495982373481368,0.05999463459745513,-0.01936709182570695,0.03732661128916348,-0.05863286848940241,0,1
2022-07-01T00:00:00Z,-0.03227664043954448,0.011628037995119911,-0.0046056500525821775,0.04978657132149067,-0.024953646605883506,-0.05739584000209774,-0.10756233095391288,-0.028170876966695957,1
2022-08-01T00:00:00Z,0.02841935503978732,0.0171924005403703,0.059911560887425,0.05189904696748826,0.10131988457430552,0.04050533710969617,-0.007280905869039955,0.028170876966695957,1
2022-09-01T00:00:00Z,-0.053584246134107616,0.016901810802604444,-0.023368761007830585,-0.09152415313301532,0.044801106971934956,0.06901416666617877,0.19104301682832947,-0.028170876966695957,1
2022-10-01T00:00:00Z,-0.057698224919182195,-0.08144033194017553,-0.03654279987959441,-0.021933758064005104,0.019778740156347396,0.04636694143605169,0.01016409766656956,0.028170876966695957,1
2022-11-01T00:00:00Z,-0.16774153865537755,0.05884050002293506,-0.09179645250613433,-0.09304068215657324,-0.07724648811471013,-0.04323201906657914,-9.197517318870752e-4,0,1
2022-12-01T00:00:00Z,-0.09224973365121869,-0.1343480525310774,-0.0930672826848884,-0.04513038113524459,-0.061023997444518585,-0.04094415712786059,0.008703673817491264,-0.028170876966695957,1
2023-01-01T00:00:00Z,-0.024097551579060905,0.0815498669641066,-0.05273754915646123,0.03226203472891598,0.0733193618612411,-0.03249313484391436,-2.2807617843234596e-4,0,1
2023-02-01T00:00:00Z,0,-0.07503518594291236,0.009830772783125497,-0.04188935134411054,-0.03321225615432155,-0.02230720830833377,0.0034156927208677246,0.028170876966695957,1
2023-03-01T00:00:00Z,0.024097551579060905,0.12783337150988316,0.04325381784827442,0.16442994196313165,0.13855328657319177,0.16409041138079417,0.005440956519606743,-0.028170876966695957,1
2023-04-01T00:00:00Z,0.03576722385863107,0.16309019486606857,0.08094978561103261,-0.004659583023123304,-0.05437795048975147,-0.070597399932673,-0.03333258822597429,-0.028987536873252395,1
2023-05-01T00:00:00Z,0.08667348207173475,-0.09143420595963292,0.08492921078530458,0.10385762334476212,0.0687490941150557,0.10569541901580948,0.047921557560179906,0.05715841383994835,1
2023-06-01T00:00:00Z,0.03170997389689134,0.11541617064611742,0.04427282367798924,-0.005684453989676541,-0.06944580158456404,-0.0552180579357433,-0.053547451442348404,0,0
2023-07-01T00:00:00Z,-0.019394547306838206,-0.04359043607486157,0.010072832788296182,0.05998456776262984,-0.02930491119166234,-0.07794022012820889,-0.11128094790408838,-0.028170876966695957,0
2023-08-01T00:00:00Z,0.055933673944050355,0.07162965613925465,0.05418443395281969,0.051354224132364124,0.09620994591288934,0.07950185724310543,0.012273296770063169,0.055569851154810834,0
2023-09-01T00:00:00Z,-0.04861656812698456,-0.03756310157564968,-0.010338064239888922,-0.13216503908251198,0.029494105756835864,0.041573873120835714,0.17589903862288558,0.02666824708216131,0
2023-10-01T00:00:00Z,-0.02335693149810325,-0.05913052322682333,-0.044960575956334736,0.0344910412668078,0.0626701077684011,0.02551727245583635,0.012761068595604996,0.02597548640326064,0
2023-11-01T00:00:00Z,-0.051031480012444064,-0.07919704166119246,-0.0937228115776172,-0.10925670558510348,-0.0871061654058991,-0.05323541652907693,0.002361276185679273,-0.05264373348542195,0
2023-12-01T00:00:00Z,-0.1600581469579545,-0.10414025925259551,-0.11434542484591859,-0.03736325941975238,-0.05907332626065198,-0.035388711905220305,0.010026750669712925,0.02666824708216131,0
2024-01-01T00:00:00Z,-0.1452300140688756,0.05342516667358055,-0.07036649807656303,-0.020995709603454316,0.03920850787997665,-0.0029622938229039164,-0.01324805700945575,-0.02666824708216131,0
2024-02-01T00:00:00Z,0.0017746233583686433,0.028491955794304857,0.014620143454962431,0.01831159113063663,0.02415548852203031,0.0028284944613510277,0.022965074741696512,0.05264373348542195,0
2024-03-01T00:00:00Z,0.07347453956143823,0.005602255548669888,0.05608946665104142,0.09399356349765853,0.045774447049307554,0.09329265178965329,0.006704403910328338,0,0
2024-04-01T00:00:00Z,0.029222858676902774,0.07010956618702835,0.07689751075270124,0.046201088476824026,0.020525574044828687,0.016704852795015768,0.006452306702035671,0,0
2024-05-01T00:00:00Z,0.007968169649178236,0.12699969076130557,0.07081247717699668,0.061591737292811644,0.02635959123310272,0.04319886606033663,0.011141027140505244,0.025317807984289953,0
2024-06-01T00:00:00Z,0.05856835415106687,-0.03263692931302131,0.06196418344085686,-0.020021083609204737,-0.10539497705509504,-0.07925403702438416,-0.051790145871583704,0.02469261259037081,0
2024-07-01T00:00:00Z,0.035297782081023854,0.014117881545782751,0.023368761007830585,0.08875237414217452,0.023450721959630272,-0.0244526444166695,-0.13020319232584043,0.024097551579060905,0
2024-08-01T00:00:00Z,-0.007251663395322794,0.08934510033585141,0.032088314551501185,-0.0014452317610427201,0.048761333717237676,0.00807424929005407,0.007356580504676913,0,0
2024-09-01T00:00:00Z,0.023022599588315984,-0.06624938554120163,-0.02127739844728538,-0.09942679948355249,0.04250755007895535,0.06943736107285403,0.19353783861494733,-0.024097551579060905,0
2024-10-01T00:00:00Z,-0.06009133587365412,0.06624938554120163,-0.008639362590709965,0.06909003249957735,0.07366807228621752,0.09437692495625072,0.013597490045311744,0,0
2024-11-01T00:00:00Z,-0.04637616179015325,-0.08934510033585141,-0.09225087293621215,-0.15417158937523112,-0.13655407616293402,-0.13295162008346395,-0.0013912354425240636,0.024097551579060905,0
2024-12-01T00:00:00Z,-0.12453043176554601,-0.11895194286136501,-0.10559181739197143,-0.012222338573025127,-0.05476300938554601,-0.010017102717078785,-0.0037859963525210816,-0.024097551579060905,0
2025-01-01T00:00:00Z,-0.055262678675049415,-0.03208831455149763,-0.055720934231903385,-0.025431204018140363,0.01787099531443559,-0.028563156272124246,-0.006208090430080304,-0.02469261259037081,0
2025-02-01T00:00:00Z,-0.030771658666754576,-0.010929070532192497,0.016632400049140017,-0.04490642333547967,-0.030432790948633937,-0.05034518384946196,0.0038095284166672627,0.02469261259037081,0
2025-03-01T00:00:00Z,0.08424061488777923,0.11900329206161331,0.08526299952538352,0.14312488054741834,0.1043354028551633,0.14696166621354934,0.0029973046717550744,0.024097551579060905,0
2025-04-01T00:00:00Z,0.05755729697247958,0.10633564981603172,0.0688876803018772,0.07114047816376967,0.022748619527320102,0.022557772931403264,0.004181190760400355,0,0
2025-05-01T00:00:00Z,0.04959694113937374,0.08408311721054318,0.06472259845056172,0.02071131067762977,-0.0033020714923921446,0.016746966417304776,0.004163781171779846,0,0
2025-06-01T00:00:00Z,0.054915757596113224,0.008032171697262669,0.05583844373133218,0.0028282176061722453,-0.10598016766516594,-0.04561950351910227,-0.048443963715913085,-0.024097551579060905,0
2025-07-01T00:00:00Z,-0.004590673708598558,0.046883585898850555,0.002607563407082125,0.08780197104690757,0.0030758799652232938,-0.006190775338339449,-0.13213791210788806,0.024097551579060905,0
